name,role,source_file,archive_file,status_note
テコちゃん,主人公,teko1.png,01_主人公_テコちゃん/01_テコちゃん_原案A.png,正式デザイン比較候補A
テコちゃん,主人公,teko2.png,01_主人公_テコちゃん/02_テコちゃん_原案B.png,正式デザイン比較候補B
テコちゃん,主人公,teko3.png,01_主人公_テコちゃん/03_テコちゃん_原案C.png,正式デザイン比較候補C
ニャンじい,育ての親・師匠,nyanjii.png,02_主要人物_家族と案内役/01_ニャンじい_原案A.png,比較候補A
ニャンじい,育ての親・師匠,nyanjii2.png,02_主要人物_家族と案内役/02_ニャンじい_原案B.png,比較候補B
ミヤ,母,mia.png,02_主要人物_家族と案内役/03_ミヤ.png,第1部ステージ1000で再会
タイジュ,森の仲間,taijyu.png,03_仲間候補_地域別/01_タイジュ.png,ステージ50・猫じゃらし
ミナモ,草原・水辺の仲間候補,minamo.png,03_仲間候補_地域別/02_ミナモ.png,ステージ100・またたび候補
カナメ,山岳の仲間候補,kaname.png,03_仲間候補_地域別/03_カナメ.png,ステージ150・肉球チェック候補
シオネ,海辺の仲間候補,shione.png,03_仲間候補_地域別/04_シオネ.png,ステージ200・ネコ缶候補
クオン,古道の記録守,kuon.png,04_第1部後半_物語人物/01_クオン.png,ステージ201～400
ヨル,謎の案内役,yoru.png,04_第1部後半_物語人物/02_ヨル.png,ステージ401～600・知りたきゃついてこい
アマネ,共同体の元連絡役,amane.png,04_第1部後半_物語人物/03_アマネ.png,ステージ601～800
レン,超ボスにゃんこ候補,ren1.png,04_第1部後半_物語人物/04_レン_原案A.png,比較候補A・ミヤの戦友
レン,超ボスにゃんこ候補,ren2.png,04_第1部後半_物語人物/05_レン_原案B.png,比較候補B・ミヤの戦友
クロバネ,カラス・物と情報の収集役,kurobane.png,05_他種族_カラスとキツネ/01_クロバネ.png,ステージ201～400で初登場
コガネ,キツネ・一時的ないたずら役,kogane.png,05_他種族_カラスとキツネ/02_コガネ.png,ステージ401～600で初登場
サンバガラス,カラス三兄弟,sanbakarasu.png,05_他種族_カラスとキツネ/03_サンバガラス.png,別案・集団キャラクター候補
